Model,MAE,MSE,R²
Random Forest,53675.63201318302,3880005106.0776696,-0.20664848838233518
Gradient Boosting,51556.794151246075,3544181422.139751,-0.10221018752754119
XGBoost,55010.58284076394,4358219206.932679,-0.35536899419196444
